Reference, Value, Footprint, Datasheet, MPN
C1,100n,Capacitor_SMD:C_0805_2012Metric,,100nF 0805
C3,100n,Capacitor_SMD:C_0805_2012Metric,,100nF 0805
D1,LG R971,LED_SMD:LED_0805_2012Metric,,LG R971-KN-1
J2,MOLEX 104031,Connector_Card:microSD_HC_Molex_104031-0811,https://www.hirose.com/product/en/download_file/key_name/DM3/category/Catalog/doc_file_id/49662/?file_category_id=4&item_id=195&is_series=1,1040310811
R1,100,Resistor_SMD:R_0805_2012Metric,,0805 100
R2,4k7,Resistor_SMD:R_0805_2012Metric,,4k7 0805
R3,47k,Resistor_SMD:R_0805_2012Metric,,47k 0805
R4,47k,Resistor_SMD:R_0805_2012Metric,,47k 0805
R5,47k,Resistor_SMD:R_0805_2012Metric,,47k 0805
R6,47k,Resistor_SMD:R_0805_2012Metric,,47k 0805
R7,4k7,Resistor_SMD:R_0805_2012Metric,,4k7 0805
R8,10k,Resistor_SMD:R_0805_2012Metric,,10k 0805
R9,10k,Resistor_SMD:R_0805_2012Metric,,10k 0805
R10,10k,Resistor_SMD:R_0805_2012Metric,,10k 0805
R11,10k,Resistor_SMD:R_0805_2012Metric,,10k 0805
R12,10k,Resistor_SMD:R_0805_2012Metric,,10k 0805
R52,10k,Resistor_SMD:R_0805_2012Metric,,10k 0805
SW1,5WAY-SWITCH,jpf:SKRHAAE010,https://www.mouser.de/datasheet/2/15/SKRH-1370966.pdf,SKRHAAE010 
U1,W25Q64JVSSIM TR,Package_SO:SOIC-8_5.23x5.23mm_P1.27mm,https://www.mouser.de/datasheet/2/949/w25q64jv_dtr_revj_03272018_plus-1489809.pdf,W25Q64JVSSIM TR
X1,XLH53V098.304000X,jpf:Oscillator_SMD_Renesas_LGA-6_5x3.2mm_P1.25mm,https://www.renesas.com/us/en/document/dst/xl-family-low-phase-noise-quartz-based-pll-oscillators-datasheet,XLH53V098.304000X
C6,100n,Capacitor_SMD:C_0805_2012Metric,,100nF 0805
C7,1u,Capacitor_SMD:C_0805_2012Metric,,1uF 0805
C8,100n,Capacitor_SMD:C_0805_2012Metric,,100nF 0805
C9,10u,Capacitor_SMD:C_0805_2012Metric,,10uF 0805 25V
C10,3u3,Capacitor_SMD:C_0805_2012Metric,,3.3uF 0805
C11,3u3,Capacitor_SMD:C_0805_2012Metric,,3.3uF 0805
C12,1u,Capacitor_SMD:C_0805_2012Metric,,1uF 0805
C13,18n,Capacitor_SMD:C_0805_2012Metric,,18nF 0805
C14,18n,Capacitor_SMD:C_0805_2012Metric,,18nF 0805
J3,Line_DBG,Connector_PinHeader_2.54mm:PinHeader_1x03_P2.54mm_Vertical,,2303-6111TG
J4,Phone_DBG,Connector_PinHeader_2.54mm:PinHeader_1x03_P2.54mm_Vertical,,2303-6111TG
J5,Line,Connector_Audio:Jack_3.5mm_CUI_SJ-3523-SMT_Horizontal,https://www.mouser.de/datasheet/2/670/sj_352x_smt-1779397.pdf,SJ-3523-SMT-TR
J6,Phones,Connector_Audio:Jack_3.5mm_CUI_SJ-3523-SMT_Horizontal,https://www.mouser.de/datasheet/2/670/sj_352x_smt-1779397.pdf,SJ-3523-SMT-TR
R24,10k,Resistor_SMD:R_0805_2012Metric,,10k 0805
R25,10k,Resistor_SMD:R_0805_2012Metric,,10k 0805
R26,470,Resistor_SMD:R_0805_2012Metric,,0805 470
R27,470,Resistor_SMD:R_0805_2012Metric,,0805 470
U4,CS4344-CZZR,Package_SO:TSSOP-10_3x3mm_P0.5mm,https://statics.cirrus.com/pubs/proDatasheet/CS4344-45-48_F2.pdf,CS4344-CZZR
C15,10u,Capacitor_SMD:C_0805_2012Metric,,10uF 0805 25V
C16,100n,Capacitor_SMD:C_0805_2012Metric,,100nF 0805
C17,22u,Capacitor_SMD:C_0805_2012Metric,,22uF 0805
C18,22u,Capacitor_SMD:C_0805_2012Metric,,22uF 0805
C21,10u,Capacitor_SMD:C_0805_2012Metric,,10uF 0805 25V
C22,10u,Capacitor_SMD:C_0805_2012Metric,,10uF 0805 25V
C23,22u,Capacitor_SMD:C_0805_2012Metric,,22uF 0805
C24,22u,Capacitor_SMD:C_0805_2012Metric,,22uF 0805
C26,100n,Capacitor_SMD:C_0805_2012Metric,,100nF 0805
D5,SS54,Diode_SMD:D_SMA,,SS54
D6,SS34,Diode_SMD:D_SMA,,SS34
D7,SS54,Diode_SMD:D_SMA,,SS54
D8,LG R971,LED_SMD:LED_0805_2012Metric,,LG R971-KN-1
D9,LG R971,LED_SMD:LED_0805_2012Metric,,LG R971-KN-1
D10,LG R971,LED_SMD:LED_0805_2012Metric,,LG R971-KN-1
D11,LG R971,LED_SMD:LED_0805_2012Metric,,LG R971-KN-1
L1,3u3,Inductor_SMD:L_Taiyo-Yuden_NR-50xx,,NRS5040T3R3NMGJ
P2,Power 5V,snapeda:GCT_USB4110-GF-A_REVB,https://www.mouser.de/datasheet/2/837/USB4110-2888203.pdf,USB4110-GF-A
Q2,MMBT3904,Package_TO_SOT_SMD:SOT-23,https://www.onsemi.com/pub/Collateral/2N3903-D.PDF,MMBT3904Q-7-F
R28,11k,Resistor_SMD:R_0805_2012Metric,,11k 0805
R29,5.1k,Resistor_SMD:R_0805_2012Metric,,5k1 0805
R30,2k,Resistor_SMD:R_0805_2012Metric,,2k 0805
R32,1k8,Resistor_SMD:R_0805_2012Metric,,1k8 0805
R33,470,Resistor_SMD:R_0805_2012Metric,,0805 470
R34,100,Resistor_SMD:R_0805_2012Metric,,0805 100
R35,470,Resistor_SMD:R_0805_2012Metric,,0805 470
R36,680,Resistor_SMD:R_0805_2012Metric,,0805 680
R38,5.1k,Resistor_SMD:R_0805_2012Metric,,5k1 0805
R50,100,Resistor_SMD:R_0805_2012Metric,,100 0805
R51,47,Resistor_SMD:R_0805_2012Metric,,47 0805
U5,AP62300WU,Package_TO_SOT_SMD:TSOT-23-6,https://www.diodes.com/assets/Datasheets/AP62300_AP62301_AP62300T.pdf,AP62301WU-7
U6,AMS1117-3.3,Package_TO_SOT_SMD:SOT-223-3_TabPin2,http://www.ti.com/lit/ds/symlink/lm1117.pdf,AZ1117IH-3.3TRG1
U7,LM1117MPX-ADJ,Package_TO_SOT_SMD:SOT-223-3_TabPin2,http://www.ti.com/lit/ds/symlink/lm1117.pdf,LM1117MPX-ADJNOPB
C2,47p,Capacitor_SMD:C_0805_2012Metric,,47pF 0805
C4,47p,Capacitor_SMD:C_0805_2012Metric,,47pF 0805
C5,100n,Capacitor_SMD:C_0805_2012Metric,,100nF 0805
C19,4u7,Capacitor_SMD:C_0805_2012Metric,,4.7uF 0805
C20,100n,Capacitor_SMD:C_0805_2012Metric,,100nF 0805
C25,4u7,Capacitor_SMD:C_0805_2012Metric,,4.7uF 0805
D2,LG R971,LED_SMD:LED_0805_2012Metric,,LG R971-KN-1
D3,LG R971,LED_SMD:LED_0805_2012Metric,,LG R971-KN-1
FB1,FERRITE,Inductor_SMD:L_0805_2012Metric,,ACML-0805-301-T
P1,UART,snapeda:GCT_USB4110-GF-A_REVB,https://www.mouser.de/datasheet/2/837/USB4110-2888203.pdf,USB4110-GF-A
R13,5.1k,Resistor_SMD:R_0805_2012Metric,,5k1 0805
R14,22k1,Resistor_SMD:R_0805_2012Metric,,22k1 0805
R15,47k5,Resistor_SMD:R_0805_2012Metric,,0805 47.5k
R20,100,Resistor_SMD:R_0805_2012Metric,,0805 100
R21,10k,Resistor_SMD:R_0805_2012Metric,,10k 0805
R22,10k,Resistor_SMD:R_0805_2012Metric,,10k 0805
R23,100,Resistor_SMD:R_0805_2012Metric,,0805 100
R31,27,Resistor_SMD:R_0805_2012Metric,,0805 27
R39,5.1k,Resistor_SMD:R_0805_2012Metric,,5k1 0805
R49,27,Resistor_SMD:R_0805_2012Metric,,0805 27
SW2,SW2,Button_Switch_SMD:SW_SPST_EVPBF,,EVP-BF6C1A000
SW3,SW3,Button_Switch_SMD:SW_SPST_EVPBF,,EVP-BF6C1A000
U3,CP2102N-Axx-xQFN20,Package_DFN_QFN:SiliconLabs_QFN-20-1EP_3x3mm_P0.5mm_EP1.8x1.8mm,https://www.silabs.com/documents/public/data-sheets/cp2102n-datasheet.pdf,CP2102N-A02-GQFN20
J1,Samtec_ASP-134602-01,jpf_lib:Samtec_FMC_ASP-134604-01_4x40_Vertical,http://suddendocs.samtec.com/prints/asp-134602-01-mkt.pdf,ASP-134602-01
J7,DEBUG,jpf:Pin-Header_ SBH11-NBPC-D20-SM-BK,, SBH11-NBPC-D20-SM-BK
J8,EXT,jpf:Pin-Header_ SBH11-NBPC-D20-SM-BK,, SBH11-NBPC-D20-SM-BK
R37,0,Resistor_SMD:R_0805_2012Metric,,0805 0.0
R40,0,Resistor_SMD:R_0805_2012Metric,,0805 0.0
R41,0,Resistor_SMD:R_0805_2012Metric,,0805 0.0
R42,0,Resistor_SMD:R_0805_2012Metric,,0805 0.0
R43,0,Resistor_SMD:R_0805_2012Metric,,0805 0.0
R44,0,Resistor_SMD:R_0805_2012Metric,,0805 0.0
R45,0,Resistor_SMD:R_0805_2012Metric,,0805 0.0
R46,0,Resistor_SMD:R_0805_2012Metric,,0805 0.0
R47,0,Resistor_SMD:R_0805_2012Metric,,0805 0.0
R48,0,Resistor_SMD:R_0805_2012Metric,,0805 0.0
R53,0,Resistor_SMD:R_0805_2012Metric,,0805 0.0
R54,0,Resistor_SMD:R_0805_2012Metric,,0805 0.0
R55,0,Resistor_SMD:R_0805_2012Metric,,0805 0.0
R56,0,Resistor_SMD:R_0805_2012Metric,,0805 0.0
R57,0,Resistor_SMD:R_0805_2012Metric,,0805 0.0
R58,0,Resistor_SMD:R_0805_2012Metric,,0805 0.0
R60,0,Resistor_SMD:R_0805_2012Metric,,0805 0.0
R61,0,Resistor_SMD:R_0805_2012Metric,,0805 0.0
R62,0,Resistor_SMD:R_0805_2012Metric,,0805 0.0
R63,0,Resistor_SMD:R_0805_2012Metric,,0805 0.0
R64,0,Resistor_SMD:R_0805_2012Metric,,0805 0.0
R65,0,Resistor_SMD:R_0805_2012Metric,,0805 0.0
R66,0,Resistor_SMD:R_0805_2012Metric,,0805 0.0
R67,0,Resistor_SMD:R_0805_2012Metric,,0805 0.0
R68,0,Resistor_SMD:R_0805_2012Metric,,0805 0.0
R69,0,Resistor_SMD:R_0805_2012Metric,,0805 0.0
R70,0,Resistor_SMD:R_0805_2012Metric,,0805 0.0
R71,0,Resistor_SMD:R_0805_2012Metric,,0805 0.0
R72,0,Resistor_SMD:R_0805_2012Metric,,0805 0.0
R73,0,Resistor_SMD:R_0805_2012Metric,,0805 0.0
R74,0,Resistor_SMD:R_0805_2012Metric,,0805 0.0
R75,0,Resistor_SMD:R_0805_2012Metric,,0805 0.0
R76,0,Resistor_SMD:R_0805_2012Metric,,0805 0.0
R77,0,Resistor_SMD:R_0805_2012Metric,,0805 0.0
R78,0,Resistor_SMD:R_0805_2012Metric,,0805 0.0
